Species,Accession
non described non described CCMP 2436,MMETSP0982
Heterocapsa rotundata SCCAP K-0483,MMETSP0503
Stauroneis constricta CCMP1120,MMETSP1352
Vannella sp. DIVA3 517/6/12,MMETSP0168
Gymnodinium catenatum GC744,MMETSP0784
Cylindrotheca closterium KMMCC:B-181,MMETSP0017
Uronema sp. Bbcil,MMETSP0018
Ochromonas sp. CCMP1393,MMETSP0004
Ochromonas sp. CCMP1393,MMETSP0005
Prymnesium parvum Texoma1,MMETSP0006
Prymnesium parvum Texoma1,MMETSP0007
"Prymnesium parvum Texoma1",MMETSP0008
Grammatophora oceanica CCMP 410,MMETSP0009
Corethron hystrix 308,MMETSP0010
Rhodosorus marinus CCMP 769,MMETSP0011
Skeletonema costatum 1716,MMETSP0013
Nitszchia sp. RCC80,MMETSP0014
Odontella aurita isolate 1302-5,MMETSP0015
Nephroselmis pyriformis CCMP717,MMETSP0034
Lotharella globosa LEX01,MMETSP0041
Lotharella amoebiformis CCMP2058,MMETSP0042
Hemiselmis andersenii CCMP644,MMETSP0043
Cryptomonas paramecium CCAP977/2a,MMETSP0038
Eutreptiella gymnastica NIES-381,MMETSP0039
Lotharella oceanica CCMP622,MMETSP0040
Karenia brevis CCMP2229,MMETSP0027
Karenia brevis CCMP2229,MMETSP0029
Karenia brevis CCMP2229,MMETSP0030
Karenia brevis CCMP2229,MMETSP0031
Dolichomastix tenuilepis CCMP3274,MMETSP0033
Dinobryon sp. UTEXLB2267,MMETSP0019
Dinobryon sp. UTEXLB2267,MMETSP0020
Pyramimonas parkeae CCMP726,MMETSP0058
Pyramimonas parkeae CCMP726,MMETSP0059
Chlamydomonas euryale CCMP219,MMETSP0063
Undescribed Undescribed D1,MMETSP0086
Oxyrrhis marina CCMP1788,MMETSP0044
Bigelowiella natans CCMP 2755,MMETSP0045
Guillardia theta CCMP 2712,MMETSP0046
Polytomella parva SAG 63-3,MMETSP0052
Alexandrium monilatum CCMP3105,MMETSP0095
Alexandrium monilatum CCMP3105,MMETSP0096
Paraphysomonas imperforata PA2,MMETSP0103
Paraphysomonas imperforata PA2,MMETSP0104
Goniomonas pacifica CCMP1869,MMETSP0107
Goniomonas pacifica CCMP1869,MMETSP0108
Acanthoeca-like sp. 10tr,MMETSP0105
Acanthoeca-like sp. 10tr,MMETSP0106
Alexandrium monilatum CCMP3105,MMETSP0097
  NY0313808BC1,MMETSP0098
  NY0313808BC1,MMETSP0099
  NY0313808BC1,MMETSP0100
Pteridomonas danica PT,MMETSP0101
Pteridomonas danica PT,MMETSP0102
Undescribed Undescribed D1,MMETSP0087
Alexandrium monilatum CCMP3105,MMETSP0093
Durinskia baltica CSIRO CS-38,MMETSP0117
Glenodinium foliaceum CCAP 1116/3,MMETSP0118
Kryptoperidinium foliaceum CCMP 1326,MMETSP0121
Favella ehrenbergii Fehren 1,MMETSP0123
Glenodinium foliaceum CCAP 1116/3,MMETSP0119
Kryptoperidinium foliaceum CCMP 1326,MMETSP0120
Chlorarachnion reptans CCCM449,MMETSP0109
Gymnochlora sp. CCMP2014,MMETSP0110
Lotharella globosa CCCM811,MMETSP0111
Lotharella globosa CCCM811,MMETSP0112
Norrisiella sphaerica BC52,MMETSP0113
Goniomonas sp m,MMETSP0114
Bicosoecid sp ms1,MMETSP0115
Durinskia baltica CSIRO CS-38,MMETSP0116
Strombidinopsis acuminatum SPMC142,MMETSP0126
Platyophrya macrostoma WH,MMETSP0127
Pseudo-nitzschia australis 10249 10 AB,MMETSP0139
Pseudo-nitzschia australis 10249 10 AB,MMETSP0142
Chrysochromulina polylepis CCMP1757,MMETSP0143
Chrysochromulina polylepis CCMP1757,MMETSP0145
Pseudo-nitzschia australis 10249 10 AB,MMETSP0140
Pseudo-nitzschia australis 10249 10 AB,MMETSP0141
"Symbiodinium kawagutii CCMP2468 (combined sample which includes MMETSP0132_2,  MMETSP0133_2, MMETSP0134_2 and MMETSP0135_2)",MMETSP0132_2C
"Symbiodinium kawagutii CCMP2468 (combined sample which includes MMETSP0132_2,  MMETSP0133_2, MMETSP0134_2 and MMETSP0135_2)",MMETSP0132_2C
"Symbiodinium kawagutii CCMP2468 (combined sample which includes MMETSP0132_2,  MMETSP0133_2, MMETSP0134_2 and MMETSP0135_2)",MMETSP0132_2C
"Symbiodinium kawagutii CCMP2468 (combined sample which includes MMETSP0132_2,  MMETSP0133_2, MMETSP0134_2 and MMETSP0135_2)",MMETSP0132_2C
Aristerostoma sp. ATCC 50986,MMETSP0125
Thalassionema nitzschioides L26-B,MMETSP0156
Thalassionema nitzschioides L26-B,MMETSP0158
Odontella Sinensis Grunow 1884,MMETSP0160
Neoparamoeba aestuarina SoJaBio B1-5/56/2,MMETSP0161
Chrysochromulina polylepis CCMP1757,MMETSP0146
Chrysochromulina polylepis CCMP1757,MMETSP0147
Chaetoceros debilis MM31A-1,MMETSP0149
Chaetoceros debilis MM31A-1,MMETSP0150
Paramoeba atlantica 621/1 / CCAP 1560/9,MMETSP0151
Thalassiothrix antarctica L6-D1,MMETSP0152
Thalassiothrix antarctica L6-D1,MMETSP0154
Rhodella maculata CCMP736,MMETSP0167
Rosalina sp. ,MMETSP0190
Sorites sp. ,MMETSP0191
Corethron pennatum L29A3,MMETSP0169
Corethron pennatum L29A3,MMETSP0171
Vexillifera sp. DIVA3 564/2,MMETSP0173
Proboscia alata PI-D3,MMETSP0174
Proboscia alata PI-D3,MMETSP0176
Minchinia chitonis ,MMETSP0186
Coccolithus pelagicus ssp braarudi PLY182g,MMETSP0164
Karenia brevis Wilson,MMETSP0202
Strombidium inclinatum S3,MMETSP0208
Alexandrium fundyense CCMP1719 (combined sample which includes MMETSP0196 and MMETSP0197),MMETSP0196C
Alexandrium fundyense CCMP1719 (combined sample which includes MMETSP0196 and MMETSP0197),MMETSP0196C
Thraustochytrium sp. LLF1b,MMETSP0198
Thraustochytrium sp. LLF1b,MMETSP0199
Chaetoceros sp. GSL56,MMETSP0200
Karenia brevis Wilson,MMETSP0201
Pseudokeronopsis sp. OXSARD2,MMETSP0211
Euplotes harpa FSP1.4,MMETSP0213
Togula jolla CCCM 725,MMETSP0224
Thoracosphaera heimii CCCM 670 (=CCMP 1069),MMETSP0225
Protoceratium reticulatum CCCM 535 (=CCMP 1889),MMETSP0228
Pyrocystis lunula CCCM 517,MMETSP0229
Polarella glacialis CCMP 1383,MMETSP0227
Protocruzia adherens Boccale,MMETSP0216
Litonotus pictus P1,MMETSP0209
Condylostoma magnum COL2,MMETSP0210
Amphidinium carterae CCMP1314,MMETSP0259
Prorocentrum minimum CCMP2233,MMETSP0267
Scrippsiella trochoidea CCMP3099,MMETSP0270
Scrippsiella trochoidea CCMP3099,MMETSP0271
Prorocentrum minimum CCMP2233,MMETSP0268
Prorocentrum minimum CCMP2233,MMETSP0269
Debaryomyces hansenii J26,MMETSP0232
Debaryomyces hansenii J26,MMETSP0233
Debaryomyces hansenii J26,MMETSP0234
Debaryomyces hansenii J26,MMETSP0235
Prorocentrum micans CCCM 845,MMETSP0251
Prorocentrum lima CCMP 684,MMETSP0252
Noctiluca scintillans ,MMETSP0253
Amphidinium carterae CCMP1314,MMETSP0258
Chrysochromulina polylepis UIO037,MMETSP0286
Chrysochromulina rotalis UIO044,MMETSP0287
Amphora coffeaeformis CCMP127,MMETSP0316
Amphora coffeaeformis CCMP127,MMETSP0317
Skeletonema marinoi SM1012Den-03,MMETSP0320
Leptocylindrus danicus var. danicus B650,MMETSP0321
Amphora coffeaeformis CCMP127,MMETSP0318
Skeletonema marinoi SM1012Hels-07,MMETSP0319
Heterosigma akashiwo CCMP2393,MMETSP0292
Heterosigma akashiwo CCMP2393,MMETSP0294
Heterosigma akashiwo CCMP2393,MMETSP0295
Heterosigma akashiwo CCMP2393,MMETSP0296
Scrippsiella trochoidea CCMP3099,MMETSP0272
Alexandrium fundyense CCMP1719,MMETSP0347
Scrippsiella Hangoei SHTV-5,MMETSP0359
Scrippsiella Hangoei SHTV-5,MMETSP0360
Scrippsiella Hangoei SHTV-5,MMETSP0361
Leptocylindrus danicus var. apora B651,MMETSP0322
Crypthecodinium cohnii WH (Provasly/Seligo),MMETSP0323
Crypthecodinium cohnii WH (Provasly/Seligo),MMETSP0325
Crypthecodinium cohnii WH (Provasly/Seligo),MMETSP0326
Pseudo-nitzschia delicatissima B596,MMETSP0327
Alexandrium minutum CCMP113,MMETSP0328
Pseudo-nitzschia arenysensis B593,MMETSP0329
Peridinium aciculiferum PAER-2,MMETSP0370
Peridinium aciculiferum PAER-2,MMETSP0371
Alexandrium tamarense CCMP1771,MMETSP0382
Amphidinium carterae CCMP1314 (combined sample which includes MMETSP0398 and MMETSP0399),MMETSP0398C
Amphidinium carterae CCMP1314 (combined sample which includes MMETSP0398 and MMETSP0399),MMETSP0398C
Alexandrium tamarense CCMP1771,MMETSP0384
Cyclophora tenuis ECT3854,MMETSP0397
Lankesteria abbottii Grappler Inlet BC,MMETSP0372
"Alexandrium tamarense CCMP1771 

Assembly of this sample is in assembly CAM_ASM_000361, which is a combined assembly of sample CAM_SMPL_002543 (MMETSP0380) and CAM_SMPL_002542 (MMETSP0378). ",MMETSP0378
Alexandrium tamarense CCMP1771,MMETSP0380
Scrippsiella hangoei-like SHHI-4,MMETSP0367
Scrippsiella hangoei-like SHHI-4,MMETSP0368
Scrippsiella hangoei-like SHHI-4,MMETSP0369
Filamoeba nolandi NC-AS-23-1,MMETSP0413
Heterosigma akashiwo NB,MMETSP0416
Mayorella sp BSH-02190019,MMETSP0417
Heterosigma akashiwo NB,MMETSP0414
Heterosigma akashiwo NB,MMETSP0415
Thalassiosira rotula CCMP3096,MMETSP0403
Thalassiosira rotula CCMP3096,MMETSP0404
Trichosphaerium sp Am-I-7 wt,MMETSP0405
Heterosigma akashiwo CCMP3107,MMETSP0409
Heterosigma akashiwo CCMP3107,MMETSP0410
Heterosigma akashiwo CCMP3107,MMETSP0411
Pessonella sp. PRA-29,MMETSP0420
Favella taraikaensis Fe Narragansett Bay,MMETSP0434
Strombidium rassoulzadegani ras09,MMETSP0449
Oxyrrhis marina CCMP1795 (combined sample which includes MMETSP0451_2 and MMETSP0452_2),MMETSP0451_2C
Oxyrrhis marina CCMP1795 (combined sample which includes MMETSP0451_2 and MMETSP0452_2),MMETSP0451_2C
Oxyrrhis marina ,MMETSP0468
Oxyrrhis marina ,MMETSP0469
Oxyrrhis marina ,MMETSP0470
Strombidinopsis sp SopsisLIS2011,MMETSP0463
Mesodinium pulex SPMC105,MMETSP0467
Favella taraikaensis Fe Narragansett Bay,MMETSP0436
Sexangularia sp. ATCC50979,MMETSP0437
Stereomyxa ramosa Chinc5,MMETSP0439
Stygamoeba regulata BSH-02190019,MMETSP0447
Heterocapsa triquestra CCMP 448,MMETSP0448
Astrosyne radiata 13vi08-1A,MMETSP0418
Tetraselmis sp. GSL018,MMETSP0419
Aurantiochytrium limacinum ATCCMYA-1381,MMETSP0959
non described non described CCMP2097,MMETSP0975
non described non described CCMP2097,MMETSP0976
Ditylum brightwellii GSO103,MMETSP1002
Ditylum brightwellii GSO103,MMETSP1005
Lingulodinium polyedra CCMP 1738,MMETSP1032
Lingulodinium polyedra CCMP 1738,MMETSP1033
Lingulodinium polyedra CCMP 1738,MMETSP1034
Lingulodinium polyedra CCMP 1738,MMETSP1035
Azadinium spinosum 3D9,MMETSP1036
Azadinium spinosum 3D9,MMETSP1037
Azadinium spinosum 3D9,MMETSP1038
Skeletonema marinoi FE7,MMETSP1039
Skeletonema marinoi FE60,MMETSP1040
Hemiselmis andersenii CCMP439,MMETSP1041
Hemiselmis andersenii CCMP1180,MMETSP1042
Hemiselmis andersenii CCMP441,MMETSP1043
Rhodomonas salina CCMP1319,MMETSP1047
Hanusia phi CCMP325,MMETSP1048
Proteomonas sulcata CCMP704,MMETSP1049
Cryptomonas curvata CCAP979/52,MMETSP1050
Bigelowiella natans CCMP623,MMETSP1052
Bigelowiella natans CCMP1259,MMETSP1054
Bigelowiella natans CCMP1258.1,MMETSP1055
Cyclotella meneghiniana CCMP 338,MMETSP1057
Detonula confervacea CCMP 353,MMETSP1058
Thalassiosira sp. FW,MMETSP1059
Pseudo-nitzschia pungens cf. cingulata,MMETSP1060
Ceratium fusus PA161109,MMETSP1075
Micromonas sp CCMP1646,MMETSP1080
Symbiodinium sp. CCMP2430,MMETSP1115
Symbiodinium sp. CCMP2430,MMETSP1116
Symbiodinium sp. CCMP2430,MMETSP1117
Pseudo-nitzschia pungens cf. pungens,MMETSP1061
Ditylum brightwellii Pop1 (SS4),MMETSP1062
Ditylum brightwellii Pop2 (SS10),MMETSP1063
Cyanoptyche  gloeocystis  SAG4.97,MMETSP1086
Aulacoseira subarctica  CCAP 1002/5,MMETSP1064
Coscinodiscus wailesii CCMP2513,MMETSP1066
Thalassiosira punctigera Tpunct2005C2,MMETSP1067
Gloeochaete wittrockiana SAG46.84,MMETSP1089
Chromulina nebulosa UTEXLB2642,MMETSP1095
Symbiodinium sp. Mp,MMETSP1122
Symbiodinium sp. Mp,MMETSP1123
Pseudopedinella elastica CCMP716,MMETSP1068
Minutocellus polymorphus NH13,MMETSP1070
Chrysochromulina ericina CCMP281,MMETSP1096
Pseudopedinella elastica CCMP716,MMETSP1097
Symbiodinium sp. Mp,MMETSP1124
Symbiodinium sp. Mp,MMETSP1125
Dunaliella tertiolecta CCMP1320,MMETSP1126
Thalassiosira sp. NH16,MMETSP1071
Phaeocystis antarctica Caron Lab Isolate,MMETSP1100
Dunaliella tertiolecta CCMP1320,MMETSP1127
Dunaliella tertiolecta CCMP1320,MMETSP1128
Isochrysis sp. CCMP1324,MMETSP1129
Ceratium fusus PA161109,MMETSP1074
Isochrysis sp. CCMP1324,MMETSP1130
Isochrysis sp. CCMP1324,MMETSP1131
Isochrysis sp. CCMP1324,MMETSP1132
Isochrysis galbana CCMP1323,MMETSP0944
Vaucheria litorea CCMP2940,MMETSP0945
Vaucheria litorea CCMP2940,MMETSP0946
Aurantiochytrium limacinum ATCCMYA-1381,MMETSP0960
non described non described CCMP2097,MMETSP0977
non described non described CCMP 2436,MMETSP0983
non described non described CCMP 2436,MMETSP0984
Emiliania huxleyi 374,MMETSP1006
Chattonella subsalsa CCMP2191,MMETSP0947
Chattonella subsalsa CCMP2191,MMETSP0948
Aurantiochytrium limacinum ATCCMYA-1381,MMETSP0961
non described non described CCMP 2436,MMETSP0985
non described non described CCMP2293,MMETSP0986
Emiliania huxleyi 374,MMETSP1007
Chattonella subsalsa CCMP2191,MMETSP0949
Chattonella subsalsa CCMP2191,MMETSP0950
Schizochytrium aggregatum ATCC28209,MMETSP0962
non described non described CCMP2293,MMETSP0987
non described non described CCMP2293,MMETSP0988
Emiliania huxleyi 374,MMETSP1008
Aplanochytrium sp PBS07,MMETSP0954
Schizochytrium aggregatum ATCC28209,MMETSP0963
non described non described CCMP2293,MMETSP0989
non described non described CCMP2098,MMETSP0990
Emiliania huxleyi 374,MMETSP1009
Ditylum brightwellii GSO104,MMETSP1010
Aplanochytrium sp PBS07,MMETSP0955
Schizochytrium aggregatum ATCC28209,MMETSP0964
non described non described CCMP2098,MMETSP0991
non described non described CCMP2098,MMETSP0992
non described non described CCMP2098,MMETSP0993
Ditylum brightwellii GSO104,MMETSP1013
Karlodinium micrum CCMP2283,MMETSP1015
Aplanochytrium sp PBS07,MMETSP0956
Schizochytrium aggregatum ATCC28209,MMETSP0965
Thalassiosira oceanica CCMP1005,MMETSP0970
Emiliania huxleyi 379,MMETSP0994
Emiliania huxleyi 379,MMETSP0995
Karlodinium micrum CCMP2283,MMETSP1016
Karlodinium micrum CCMP2283,MMETSP1017
Aplanochytrium sp PBS07,MMETSP0957
Thalassiosira oceanica CCMP1005,MMETSP0971
Thalassiosira oceanica CCMP1005,MMETSP0972
Emiliania huxleyi 379,MMETSP0996
Emiliania huxleyi 379,MMETSP0997
Anophryoides haemophila AH6,MMETSP1018
Aurantiochytrium limacinum ATCCMYA-1381,MMETSP0958
Thalassiosira oceanica CCMP1005,MMETSP0973
non described non described CCMP2097,MMETSP0974
Ditylum brightwellii GSO105,MMETSP0998
Ditylum brightwellii GSO105,MMETSP1001
Karenia brevis Wilson,MMETSP0648
Amphiprora sp. CCMP467,MMETSP0725
Amphiprora sp. CCMP467,MMETSP0726
Amphiprora sp. CCMP467,MMETSP0727
Prymnesium parvum Texoma1,MMETSP0815
Proboscia inermis CCAP1064/1,MMETSP0816
Tetraselmis striata LANL1001,MMETSP0817
Pelagomonas calceolata  CCMP1756,MMETSP0888
Pelagomonas calceolata  CCMP1756,MMETSP0889
Aureoumbra lagunensis CCMP1510,MMETSP0890
Aureoumbra lagunensis CCMP1510,MMETSP0891
Fragilariopsis kerguelensis L26-C5,MMETSP0733
Fragilariopsis kerguelensis L26-C5,MMETSP0734
Fragilariopsis kerguelensis L26-C5,MMETSP0735
Aureoumbra lagunensis CCMP1510,MMETSP0892
Aureoumbra lagunensis CCMP1510,MMETSP0893
Heterosigma akashiwo CCMP 452,MMETSP0894
Heterosigma akashiwo CCMP 452,MMETSP0895
Heterosigma akashiwo CCMP 452,MMETSP0896
Heterosigma akashiwo CCMP 452,MMETSP0897
Fragilariopsis kerguelensis L26-C5,MMETSP0736
Thalassiosira miniscula CCMP1093,MMETSP0737
Thalassiosira miniscula CCMP1093,MMETSP0738
Thalassiosira weissflogii CCMP1010,MMETSP0898
Thalassiosira weissflogii CCMP1010,MMETSP0899
Thalassiosira weissflogii CCMP1010,MMETSP0900
Thalassiosira weissflogii CCMP1010,MMETSP0901
Thalassiosira antarctica CCMP982,MMETSP0902
Thalassiosira antarctica CCMP982,MMETSP0903
Thalassiosira antarctica CCMP982,MMETSP0904
Thalassiosira antarctica CCMP982,MMETSP0905
Thalassiosira miniscula CCMP1093,MMETSP0739
Thalassiosira miniscula CCMP1093,MMETSP0740
Nitzschia punctata CCMP561,MMETSP0744
Fragilariopsis kerguelensis L2-C3,MMETSP0906
Fragilariopsis kerguelensis L2-C3,MMETSP0907
Fragilariopsis kerguelensis L2-C3,MMETSP0908
Fragilariopsis kerguelensis L2-C3,MMETSP0909
Aureococcus anophagefferens CCMP1850,MMETSP0914
Perkinsus chesapeaki ATCC PRA-65 (combined sample which includes MMETSP0924 and MMETSP0925),MMETSP0924C
Perkinsus chesapeaki ATCC PRA-65 (combined sample which includes MMETSP0924 and MMETSP0925),MMETSP0924C
Nitzschia punctata CCMP561,MMETSP0745
Nitzschia punctata CCMP561,MMETSP0746
Nitzschia punctata CCMP561,MMETSP0747
Aureococcus anophagefferens CCMP1850,MMETSP0915
Aureococcus anophagefferens CCMP1850,MMETSP0916
Ostreococcus mediterraneus clade-D-RCC2572,MMETSP0929
Ostreococcus mediterraneus clade-D-RCC2573,MMETSP0936
Ostreococcus mediterraneus clade-D-RCC2593,MMETSP0937
Ostreococcus mediterraneus clade-D-RCC1107,MMETSP0938
Chaetoceros neogracile CCMP1317,MMETSP0751
Chaetoceros neogracile CCMP1317,MMETSP0752
Chaetoceros neogracile CCMP1317,MMETSP0753
Ostreococcus mediterraneus clade-D-RCC1621,MMETSP0930
Ostreococcus mediterraneus clade-D-RCC2596,MMETSP0932
Ostreococcus lucimarinus clade-A-BCC118000,MMETSP0939
Prasinococcus capsulatus CCMP1194,MMETSP0941
Aureococcus anophagefferens CCMP1850,MMETSP0917
Skeletonema marinoi skelA,MMETSP0918
Chaetoceros neogracile CCMP1317,MMETSP0754
Percolomonas cosmopolitus AE-1 (ATCC 50343),MMETSP0758
Cafeteria roenbergensis E4-10,MMETSP0942
Isochrysis galbana CCMP1323,MMETSP0943
Ostreococcus prasinos BCC99000,MMETSP0933
Percolomonas cosmopolitus WS,MMETSP0759
Gambierdiscus australes CAWD 149,MMETSP0766
Palpitomonas bilix NIES-2562,MMETSP0780
Perkinsus marinus ATCC 50439,MMETSP0922C
Perkinsus marinus ATCC 50439,MMETSP0922C
Oxyrrhis marina ,MMETSP0471
Tiarina fusus LIS,MMETSP0472
Karenia brevis Wilson,MMETSP0649
Alexandrium margalefi AMGDE01CS-322,MMETSP0661
Bolidomonas pacifica CCMP 1866,MMETSP0785
Thalassionema frauenfeldii CCMP 1798,MMETSP0786
Rhizosolenia setigera CCMP 1694,MMETSP0789
Tetraselmis striata LANL1001,MMETSP0818
Tetraselmis striata LANL1001,MMETSP0819
Tetraselmis striata LANL1001,MMETSP0820
Rhodomonas lens RHODO,MMETSP0484
Amphidinium massartii CS-259,MMETSP0689
Stephanopyxis turris CCMP 815,MMETSP0794
Amoebophrya sp. Ameob2,MMETSP0795
Pseudo-nitzschia fraudulenta WWA7,MMETSP0850
Tetraselmis chuii PLY429,MMETSP0491
Extubocellulus spinifer CCMP396,MMETSP0696
Pyrodinium bahamense pbaha01,MMETSP0796
Dinophysis acuminata DAEP01,MMETSP0797
Myrionecta rubra CCMP2563,MMETSP0798
Pseudo-nitzschia fraudulenta WWA7,MMETSP0851
Pseudo-nitzschia fraudulenta WWA7,MMETSP0852
Karenia brevis SP3,MMETSP0527
Extubocellulus spinifer CCMP396,MMETSP0697
Extubocellulus spinifer CCMP396,MMETSP0698
Geminigera cryophila CCMP2564,MMETSP0799
Striatella unipunctata CCMP2910,MMETSP0800
Micromonas sp. CCMP2099,MMETSP0802
Pseudo-nitzschia fraudulenta WWA7,MMETSP0853
Thalassiosira weissflogii CCMP1336,MMETSP0878
Thalassiosira weissflogii CCMP1336,MMETSP0879
Karenia brevis SP3,MMETSP0528
Skeletonema dohrnii SkelB,MMETSP0562
Extubocellulus spinifer CCMP396,MMETSP0699
Asterionellopsis glacialis CCMP134,MMETSP0705
Crustomastix stigmata CCMP3273,MMETSP0803
Tetraselmis astigmatica CCMP880,MMETSP0804
Prasinoderma coloniale CCMP1413,MMETSP0806
Thalassiosira weissflogii CCMP1336,MMETSP0880
Thalassiosira weissflogii CCMP1336,MMETSP0881
Skeletonema dohrnii SkelB,MMETSP0563
Karenia brevis SP1,MMETSP0573
Asterionellopsis glacialis CCMP134,MMETSP0706
Asterionellopsis glacialis CCMP134,MMETSP0707
Asterionellopsis glacialis CCMP134,MMETSP0708
Picocystis salinarum CCMP1897,MMETSP0807
Eutreptiella gymnastica-like CCMP1594,MMETSP0809
Eutreptiella gymnastica-like CCMP1594,MMETSP0810
Pelagococcus subviridis CCMP1429,MMETSP0882
Pelagococcus subviridis CCMP1429,MMETSP0883
Karenia brevis SP1,MMETSP0574
Skeletonema grethea CCMP 1804,MMETSP0578
Asterionellopsis glacialis ,MMETSP0713
Chaetoceros curvisetus ,MMETSP0716
Chaetoceros curvisetus ,MMETSP0717
Eutreptiella gymnastica-like CCMP1594,MMETSP0811
Dinobryon sp. UTEXLB2267,MMETSP0812
Pelagococcus subviridis CCMP1429,MMETSP0884
Pelagococcus subviridis CCMP1429,MMETSP0885
Skeletonema japonicum CCMP2506,MMETSP0593
Chaetoceros curvisetus ,MMETSP0718
Chaetoceros curvisetus ,MMETSP0719
Amphiprora sp. CCMP467,MMETSP0724
Prymnesium parvum Texoma1,MMETSP0814
Pelagomonas calceolata  CCMP1756,MMETSP0886
Pelagomonas calceolata  CCMP1756,MMETSP0887
Isochrysis galbana CCMP 1323,MMETSP0595
Skeletonema menzelii CCMP793,MMETSP0603
Skeletonema menzelii CCMP793,MMETSP0604
Phaeomonas parva CCMP2877,MMETSP1163
Chrysoreinhardia sp CCMP2950,MMETSP1164
Chrysocystis fragilis CCMP3189,MMETSP1165
Partenskyella glossopodia RCC365,MMETSP1318
Bolidomonas pacifica RCC208,MMETSP1319
Bolidomonas sp. RCC2347,MMETSP1320
Aplanochytrium stocchinoi GSBS06,MMETSP1347
Chrysoreinhardia sp CCMP3193,MMETSP1166
Mallomonas Sp CCMP3275,MMETSP1167
Bolidomonas sp. RCC1657,MMETSP1321
Minutocellus polymorphus RCC2270,MMETSP1322
Florenciella parvula RCC1693,MMETSP1323
Aplanochytrium stocchinoi GSBS06,MMETSP1348
Pleurochrysis carterae CCMP645,MMETSP1136
Pleurochrysis carterae CCMP645,MMETSP1137
Pleurochrysis carterae CCMP645,MMETSP1138
Pyramimonas obovata CCMP722,MMETSP1169
Sarcinochrysis sp CCMP770,MMETSP1170
Helicotheca tamensis CCMP826,MMETSP1171
Florenciella sp. RCC1587,MMETSP1324
Genus nov. species nov. RCC2288,MMETSP1326
Aplanochytrium stocchinoi GSBS06,MMETSP1349
Pavlova sp. CCMP459,MMETSP1139
Pavlova sp. CCMP459,MMETSP1140
non described non described CCMP2298,MMETSP1141
Timspurckia oligopyrenoides CCMP3278,MMETSP1172
Rhizochromulina marina cf CCMP1243,MMETSP1173
Dictyocha speculum CCMP1381,MMETSP1174
Micromonas pusilla RCC2306,MMETSP1327
Pelagomonas calceolata RCC969,MMETSP1328
Genus nov. species nov. RCC1024,MMETSP1329
Hemiselmis tepida CCMP443,MMETSP1355
non described non described CCMP2298,MMETSP1142
non described non described CCMP2298,MMETSP1143
non described non described CCMP2298,MMETSP1144
Triceratium dubium CCMP147,MMETSP1175
Synedropsis recta cf CCMP1620,MMETSP1176
Ochromonas sp CCMP1899,MMETSP1177
Picochlorum sp. RCC944,MMETSP1330
Hemiselmis rufescens PCC563,MMETSP1357
Bigelowiella natans CCMP1242,MMETSP1358
Lessardia elongata SPMC 104,MMETSP1147
Gyrodinium dominans SPMC 103,MMETSP1148
Emiliania huxleyi PLY M219,MMETSP1150
Undescribed Undescribed CCMP2000,MMETSP1178
Chlamydomonas cf sp CCMP681,MMETSP1180
Scyphosphaera apsteinii RCC1455,MMETSP1333
Calcidiscus leptoporus RCC1130,MMETSP1334
Chrysoculter rhomboideus RCC1486,MMETSP1335
Bigelowiella longifila CCMP242,MMETSP1359
Emiliania huxleyi PLY M219,MMETSP1151
Emiliania huxleyi PLY M219,MMETSP1152
Emiliania huxleyi PLY M219,MMETSP1153
Genus nov. species nov. RCC998,MMETSP1309
Genus nov. species nov. RCC2339,MMETSP1310
Chaetoceros cf. neogracile RCC1993,MMETSP1336
Pelagodinium béii RCC1491,MMETSP1338
Emiliania huxleyi CCMP370,MMETSP1154
Emiliania huxleyi CCMP370,MMETSP1155
Emiliania huxleyi CCMP370,MMETSP1156
Genus nov. species nov. RCC856,MMETSP1311
Genus nov. species nov. RCC2335,MMETSP1312
Fibrocapsa japonica CCMP1661,MMETSP1339
Florenciella parvula CCMP2471,MMETSP1344
Emiliania huxleyi CCMP370,MMETSP1157
Picocystis salinarum  CCMP1897,MMETSP1159
Prasinoderma singularis RCC927,MMETSP1315
Pycnococcus provasolii RCC2336,MMETSP1316
Undescribed Undescribed Undescribed,MMETSP1317
Aplanochytrium stocchinoi GSBS06,MMETSP1346
Pinguiococcus pyrenoidosus CCMP2078,MMETSP1160
Picochlorum oklahomensis CCMP2329,MMETSP1161
Phaeocystis Sp CCMP2710,MMETSP1162
Micromonas sp. NEPCC29,MMETSP1082
Micromonas sp. RCC472,MMETSP1084
Isochrysis sp CCMP1244,MMETSP1090
Rhodomonas sp. CCMP768,MMETSP1091
Micromonas sp. RCC451,MMETSP1400
Micromonas pusilla CCMP1723 ,MMETSP1403
Micromonas pusilla CCMP494,MMETSP1404
Skeletonema marinoi UNC1201,MMETSP1428
Chaetoceros  sp. UNC1202,MMETSP1429
Pycnococcus sp CCMP1998,MMETSP1085
Chrysochromulina brevifilum UTEX LB 985,MMETSP1094
Spumella elongata CCAP 955/1,MMETSP1098
Rhodomonas abbreviata Caron Lab Isolate,MMETSP1101
Geminigera sp. Caron Lab Isolate,MMETSP1102
Paraphysomonas bandaiensis Caron Lab Isolate,MMETSP1103
Cafeteria sp. Caron Lab Isolate,MMETSP1104
Ochromonas sp. BG-1,MMETSP1105
Mantoniella antarctica SL-175,MMETSP1106
Paraphysomonas vestita GFlagA,MMETSP1107
Amphiprora paludosa CCMP125,MMETSP1065
Pyramimonas amylifera CCMP720,MMETSP1081
Dactyliosolen fragilissimus ,MMETSP0580
Thalassiosira rotula GSO102,MMETSP0910
Thalassiosira rotula GSO102,MMETSP0911
Thalassiosira rotula GSO102,MMETSP0912
Thalassiosira rotula GSO102,MMETSP0913
Skeletonema marinoi skelA,MMETSP0920
Symbiodinium sp. CCMP421,MMETSP1110
Neobodo designis CCAP 1951/1,MMETSP1114
Crypthecodinium cohnii WH (Provasly/Seligo),MMETSP0324
Thalassiosira gravida GMp14c1,MMETSP0492
Thalassiosira gravida GMp14c1,MMETSP0493
Thalassiosira gravida GMp14c1,MMETSP0494
Symbiodinium sp. cladeA,MMETSP1374
Fabrea Fabrea salina ,MMETSP1345
Erythrolobus australicus CCMP3124,MMETSP1353
Erythrolobus madagascarensis CCMP3276,MMETSP1354
Hemiselmis virescens PCC157,MMETSP1356
Licmophora paradoxa CCMP2313,MMETSP1360
Staurosira complex sp. CCMP2646,MMETSP1361
Leptocylindrus danicus CCMP1856,MMETSP1362
Gephyrocapsa oceanica RCC1303,MMETSP1363
Gephyrocapsa oceanica RCC1303,MMETSP1364
Gephyrocapsa oceanica RCC1303,MMETSP1365
Gephyrocapsa oceanica RCC1303,MMETSP1366
Symbiodinium sp. C1,MMETSP1367
Symbiodinium sp. C1,MMETSP1369
Symbiodinium sp. C15,MMETSP1370
Symbiodinium sp. C15,MMETSP1371
Elphidium margaritaceum ,MMETSP1385
Micromonas sp. NEPCC29,MMETSP1386
Micromonas sp. RCC472,MMETSP1387
Isochrysis sp CCMP1244,MMETSP1388
Rhodomonas sp. CCMP768,MMETSP1389
Micromonas sp. CCMP2099,MMETSP1390
Chlamydomonas leiostraca SAG 11-49,MMETSP1391
Chlamydomonas chlamydogama SAG 11-48b,MMETSP1392
Micromonas sp CS-222,MMETSP1393
Asterionellopsis glacialis CCMP1581,MMETSP1394
Blepharisma japonicum Stock R1072,MMETSP1395
Pseudokeronopsis sp. Brazil,MMETSP1396
Symbiodinium sp. D1a,MMETSP1377
Euplotes crassus CT5,MMETSP1380
Pavlova sp. CCMP459,MMETSP1381
Ammonia sp. ,MMETSP1384
Alexandrium catenella OF101,MMETSP0790
Alveolata sp. CCMP3155,MMETSP0288
Chromera velia CCMP2878,MMETSP0290
Gloeochaete witrockiana SAG 46.84,MMETSP0308
Compsopogon coeruleus SAG 36.94,MMETSP0312
Porphyridium aerugineum SAG 1380-2,MMETSP0313
Rhodella maculata CCMP 736,MMETSP0314
Rhodosorus marinus UTEX LB 2760,MMETSP0315
Thalassiosira weissflogii CCMP1010,MMETSP1407
Thalassiosira weissflogii CCMP1010,MMETSP1408
Climacostomum Climacostomum virens Stock W-24,MMETSP1397
Bathycoccus prasinos CCMP1898,MMETSP1399
Micromonas pusilla CCAC1681,MMETSP1401
Micromonas pusilla RCC1614,MMETSP1402
Thalassiosira weissflogii CCMP1010,MMETSP1405
Thalassiosira weissflogii CCMP1010,MMETSP1406
Thalassiosira weissflogii CCMP1010,MMETSP1415
Thalassiosira weissflogii CCMP1010,MMETSP1416
Pseudo-nitzschia heimii UNC1101,MMETSP1423
Oxyrrhis marina LB1974,MMETSP1424
Oxyrrhis marina LB1974,MMETSP1425
Thalassiosira weissflogii CCMP1010,MMETSP1417
Thalassiosira weissflogii CCMP1010,MMETSP1418
Thalassiosira weissflogii CCMP1010,MMETSP1419
Thalassiosira weissflogii CCMP1010,MMETSP1420
Thalassiosira weissflogii CCMP1010,MMETSP1421
Thalassiosira weissflogii CCMP1010,MMETSP1422
Thalassiosira weissflogii CCMP1010,MMETSP1409
Thalassiosira weissflogii CCMP1010,MMETSP1410
Thalassiosira weissflogii CCMP1010,MMETSP1411
Thalassiosira weissflogii CCMP1010,MMETSP1412
Thalassiosira weissflogii CCMP1010,MMETSP1413
Thalassiosira weissflogii CCMP1010,MMETSP1414
Oxyrrhis marina LB1974,MMETSP1426
Pseudo-nitzschia delicatissima UNC1205,MMETSP1432
Chaetoceros affinis CCMP159,MMETSP0088
Chaetoceros affinis CCMP159,MMETSP0090
Chaetoceros affinis CCMP159,MMETSP0091
Chaetoceros affinis CCMP159,MMETSP0092
Ditylum brightwellii GSO104,MMETSP1012
Undescribed Undescribed NY07348D,MMETSP1433
Minutocellus polymorphus CCMP3303,MMETSP1434
Chaetoceros brevis CCMP164,MMETSP1435
Alexandrium andersonii CCMP2222,MMETSP1436
Eucampia antarctica CCMP1452,MMETSP1437
Pterosperma sp. CCMP1384,MMETSP1438
Gonyaulax spinifera CCMP409,MMETSP1439
Polarella glacialis CCMP2088,MMETSP1440
Heterocapsa arctica CCMP445,MMETSP1441
Craspedostauros australis CCMP3328,MMETSP1442
Entomoneis sp. CCMP2396,MMETSP1443
Phaeocystis antarctica CCMP1374,MMETSP1444
Pyramimonas sp. CCMP2087,MMETSP1445
Pycnococcus provasolii RCC733,MMETSP1471
Undescribed Undescribed CCMP1999,MMETSP1475
Undescribed Undescribed CCMP2111,MMETSP1446
Chaetoceros dichaeta CCMP1751,MMETSP1447
Attheya septentrionalis CCMP2084,MMETSP1449
Madagascaria erythrocladiodes CCMP3234,MMETSP1450
Vitrella brassicaformis CCMP3346,MMETSP1451
Synchroma pusillum CCMP3072,MMETSP1452
Undescribed Undescribed RCC701,MMETSP1453
Undescribed Undescribed RCC1871,MMETSP1456
Bathycoccus prasinos RCC716,MMETSP1460
Brandtodinium nutriculum RCC3387,MMETSP1462
Phaeocystis cordata RCC1383,MMETSP1465
Undescribed Undescribed CCMP2135,MMETSP1467
Mantoniella sp CCMP1436,MMETSP1468
